{
  "type": "StandardScaler",
  "mean_": [
    63.16707616707617,
    11.466272950484996,
    1.9405402671585408,
    1.3857613301521672
  ],
  "scale_": [
    16.04742961044873,
    6.758758684913257,
    1.022114283236252,
    1.1751666664634657
  ],
  "var_": [
    257.51999710230666,
    45.68081896089038,
    1.0447176079955571,
    1.3810166939668544
  ],
  "n_features_in_": 4,
  "feature_names_in_": [
    "anchor_age",
    "wbc",
    "lactate",
    "creatinine"
  ]
}