feature,psi,ks_stat,ks_pvalue,drift_flag
anchor_age,0.08099459564503683,0.041208896131175926,0.8698052226472138,False
lactate,0.04883980503382237,0.035912973736807935,0.9487224037276497,False
creatinine,0.031123439006313237,0.04266018255655561,0.8421533725040312,False
wbc,0.02766830432571666,0.03877098954819162,0.9108161126894256,False
