group,n,positive_rate,disparity
F,161,0.018633540372670808,-0.020226563254272197
M,225,0.05333333333333334,0.014473229706390332
