gender,positive_rate,count
F,0.018633540372670808,161
M,0.05333333333333334,225
